Full Name,PIN,Account Number
OLAYINKA TOSINA,9090,9541353906
ARINZE WE,909,4081607690
RICE EE,9090,9205789584
ARINZEIIII EEEE,909,
tttt uu,9090,1558891144
Full Name,PIN,Account Number
wwww ee,2323,6135067284
Full Name,PIN,Account Number
wwwwwwwwwwwwwwwww eeeeeeeeee,1234,4212578242
rrrr iiii,7890,9857663349
iiii pppp,9090,2415022348
rrr iii,8989,9196686024
eeeeeee yyyyy,6789,5979657851
TTTT OOOO,9090,2055605333
uuuu oooo,0000,1998381045
55555 8888,9876,5487509670
66 99,0987,7144896583
Arinzechukwu Ikeojukwu,9090,8617632406
yuuiiooo ioio,0909,4400117683
